id,nome,interesse,marketing_ia
1,Vitor Ferreira,Seguro de Vida,"Aqui estão algumas opções curtas e impactantes para Vitor Ferreira sobre Seguro de Vida, com enfoques ligeiramente diferentes:

**Focando em Proteção e Futuro:**

*   **Vitor, garanta o futuro da sua família. Seguro de Vida para sua tranquilidade.**
*   **Seu amanhã seguro começa hoje. Fale sobre Seguro de Vida com Vitor Ferreira.**
*   **Vitor Ferreira: Proteja quem você ama com um Seguro de Vida feito para você.**

**Focando em Simplicidade e Acessibilidade:**

*   **Vitor, ter um Seguro de Vida é mais simples do que você imagina. Descubra!**
*   **Tranquilidade para Vitor Ferreira e sua família. Seguro de Vida acessível.**

**Focando em um Chamada para Ação:**

*   **Vitor, não adie sua segurança. Converse sobre Seguro de Vida hoje mesmo!**

Escolha a que melhor se alinha com o tom e o objetivo da comunicação!"
2,Samuel Araujo,Tesouro Direto,"Aqui estão algumas opções curtas de frases de venda para Samuel Araújo sobre Tesouro Direto, com enfoques diferentes:

**Opção 1 (Foco na segurança e rentabilidade):**

> Samuel, invista no Tesouro Direto: segurança com rentabilidade que cabe no seu bolso.

**Opção 2 (Foco no futuro e planejamento):**

> Samuel, o Tesouro Direto é o seu caminho para um futuro financeiro tranquilo.

**Opção 3 (Foco na simplicidade e acessibilidade):**

> Invista com inteligência, Samuel. Tesouro Direto: simples, seguro e acessível para você.

**Opção 4 (Mais direta e com um toque de ação):**

> Samuel, comece a fazer seu dinheiro render com o Tesouro Direto hoje mesmo.

**Opção 5 (Enfatizando o potencial de crescimento):**

> Samuel, o Tesouro Direto: seu dinheiro crescendo com segurança.

Escolha a que melhor se alinha com o perfil e as necessidades que você percebe em Samuel!"
3,Olivia Barbosa,Criptomoedas,Erro técnico
4,Julia Ferreira,Criptomoedas,"Claro, aqui está uma frase de venda para Julia Ferreira sobre criptomoedas:

**Julia, desvende o futuro financeiro com criptomoedas e impulsione seu patrimônio!**

**Algumas variações que você pode usar, dependendo do tom que deseja:**

*   **Mais direta:** Julia, invista em criptomoedas e veja seu dinheiro trabalhar para você.
*   **Focada em oportunidade:** Julia, não perca a chance de crescer com as criptomoedas.
*   **Intrigante:** Julia, curiosa para saber como as criptomoedas podem transformar suas finanças?
*   **Promovendo conhecimento:** Julia, aprenda sobre criptomoedas e conquiste sua independência financeira."
5,Rafaela Martins,Fundos Imobiliários (FIIs),Erro técnico
6,Samuel Costa,Fundos Imobiliários (FIIs),"**Para Samuel Costa:** ""Samuel, desbloqueie rendimentos mensais com Fundos Imobiliários e construa seu futuro com segurança."""
7,Yasmin Oliveira,Day Trade,"Aqui estão algumas opções curtas de venda para Yasmin Oliveira sobre Day Trade, com diferentes enfoques:

**Opções diretas e focadas em resultado:**

* **Yasmin, conquiste a sua liberdade financeira com Day Trade.**
* **Day Trade: O caminho rápido para o lucro, Yasmin.**
* **Yasmin, descubra como o Day Trade pode transformar seu capital.**

**Opções que destacam o aprendizado ou a oportunidade:**

* **Yasmin, aprenda Day Trade e opere na bolsa como um profissional.**
* **Oportunidade única para você, Yasmin: Domine o Day Trade.**
* **Yasmin, o Day Trade te espera para lucros diários.**

**Opções mais curtas e impactantes:**

* **Yasmin, Day Trade: Lucros hoje, agora!**
* **Liberte seu dinheiro, Yasmin. Invista em Day Trade.**

**Ao escolher, pense no que mais ressoa com a Yasmin e qual o principal benefício que você quer destacar.**"
8,Pedro Martins,Reserva de Emergência,"Claro, aqui estão algumas opções de frases curtas para Pedro Martins sobre Reserva de Emergência, com enfoques ligeiramente diferentes:

**Opções Diretas e Concisas:**

*   **Pedro Martins: Sua reserva de emergência, sua tranquilidade garantida.**
*   **Pedro Martins: Proteja seu futuro com uma reserva de emergência inteligente.**
*   **Pedro Martins: Tenha paz de espírito com sua reserva de emergência. Comece hoje!**
*   **Pedro Martins: Invista na sua segurança. A reserva de emergência é o primeiro passo.**

**Opções com Ênfase no Benefício:**

*   **Pedro Martins: Livre-se das preocupações. Construa sua reserva de emergência.**
*   **Pedro Martins: Diga adeus ao imprevisto. Sua reserva de emergência é a solução.**
*   **Pedro Martins: Para que imprevistos não virem problemas. Tenha sua reserva de emergência.**

**Opção Curta e Impactante:**

*   **Pedro Martins: Reserva de emergência: segurança para você, Pedro Martins.**

Escolha a que melhor se alinha com o tom e o objetivo da comunicação!"
9,Lucas Gomes,Financiamento de Imóveis,"Claro, aqui estão algumas opções de frases curtas de venda para Lucas Gomes sobre Financiamento de Imóveis, focadas em diferentes apelos:

**Opção 1 (Foco na Realização):**

> **Lucas Gomes: Sua chave para o imóvel dos sonhos, com financiamento descomplicado.**

**Opção 2 (Foco na Oportunidade):**

> **Não espere mais, Lucas Gomes! Financie seu imóvel agora e invista no seu futuro.**

**Opção 3 (Foco na Facilidade/Segurança):**

> **Lucas Gomes: Tranquilidade e as melhores condições para o seu financiamento imobiliário.**

**Opção 4 (Mais direta e com chamado à ação implícito):**

> **Lucas Gomes: Realize seu projeto imobiliário. Fale comigo sobre financiamento.**

**Opção 5 (Enfatizando a parceria):**

> **Com Lucas Gomes, o financiamento do seu imóvel se torna realidade. Conte comigo!**

Escolha a que melhor se alinha com o tom que você deseja usar e com o principal benefício que você quer destacar para o Lucas."
10,Igor Santos,Seguro de Vida,"Claro, aqui estão algumas opções de frases de venda curtas para Igor Santos sobre Seguro de Vida, com diferentes focos:

**Opção Direta e Focada em Proteção:**

*   **Igor, seu futuro e o de sua família mais seguros com Seguro de Vida.**

**Opção Focada em Tranquilidade:**

*   **Para Igor: mais tranquilidade hoje, mais proteção amanhã. Seguro de Vida é a chave.**

**Opção Curta e Impactante:**

*   **Igor: Invista na paz de espírito com Seguro de Vida.**

**Opção que Sugere Planejamento:**

*   **Igor, um passo inteligente para o amanhã: Seguro de Vida.**

**Opção mais Pessoal:**

*   **Igor, cuide do que mais importa. Seguro de Vida para sua segurança.**

**Ao escolher, pense em qual aspecto do seguro de vida você quer enfatizar mais para o Igor.**"
11,Carlos Ribeiro,Tesouro Direto,"Aqui estão algumas opções curtas de venda para Carlos Ribeiro sobre Tesouro Direto, com focos ligeiramente diferentes:

**Direta e com Benefício:**

*   ""Carlos Ribeiro, invista no seu futuro com a segurança e rentabilidade do Tesouro Direto.""
*   ""Tesouro Direto: a escolha inteligente para o dinheiro de Carlos Ribeiro crescer.""

**Focada em Segurança:**

*   ""Carlos Ribeiro, sua tranquilidade financeira começa com a segurança do Tesouro Direto.""

**Focada em Rentabilidade Simples:**

*   ""Para Carlos Ribeiro: rentabilidade descomplicada e segura com o Tesouro Direto.""

**Mais Curta e Impactante:**

*   ""Tesouro Direto: o próximo passo do Carlos Ribeiro para um futuro financeiro sólido.""

Escolha a que melhor se alinha com o contexto da sua comunicação!"
12,Carlos Santos,Day Trade,"Aqui estão algumas opções de frases curtas de venda para Carlos Santos sobre Day Trade, com focos ligeiramente diferentes:

**Opção Direta e Confiante:**

* **Carlos Santos: Transforme seu capital em ganhos rápidos com Day Trade.**

**Opção Focada em Oportunidade:**

* **Day Trade com Carlos Santos: A oportunidade de impulsionar seus lucros no mercado diário.**

**Opção que Evoca Ação:**

* **Carlos Santos: Domine o Day Trade e conquiste seus objetivos financeiros hoje.**

**Opção Mais Curta e Impactante:**

* **Carlos Santos: Day Trade para resultados imediatos.**

Escolha a que melhor se alinha com o tom e a mensagem que você quer transmitir!"
13,Pedro Santos,Ações e Bolsa de Valores,"Aqui estão algumas opções de frases de venda para Pedro Santos sobre Ações e Bolsa de Valores, com enfoques ligeiramente diferentes:

**Opção 1 (Foco em Potencial de Crescimento):**

> Pedro, desbloqueie o potencial do seu dinheiro: invista em ações e veja seu patrimônio crescer na Bolsa.

**Opção 2 (Foco em Controle e Futuro):**

> Assuma o controle do seu futuro financeiro, Pedro. A Bolsa de Valores com ações é seu caminho para a prosperidade.

**Opção 3 (Foco em Simplicidade e Ação):**

> Quer multiplicar seu dinheiro, Pedro? Ações na Bolsa de Valores: o caminho inteligente para você começar hoje.

**Opção 4 (Mais Direta e Persuasiva):**

> Pedro, pare de deixar seu dinheiro parado! Descubra como as ações na Bolsa podem transformar sua vida financeira.

**Opção 5 (Curta e Memorável):**

> Pedro: Ações e Bolsa. Seu futuro financeiro começa agora.

Escolha a que melhor se alinha com o tom e o objetivo da sua comunicação com o Pedro!"
14,Lucas Lima,Ações e Bolsa de Valores,"Aqui estão algumas opções de frases curtas de venda para Lucas Lima sobre Ações e Bolsa de Valores, com focos ligeiramente diferentes:

**Opção Direta e Focada em Resultado:**

* **Lucas Lima: Faça seu dinheiro trabalhar para você na Bolsa. Descubra como.**

**Opção que Destaca Oportunidade:**

* **Lucas Lima: A Bolsa é para você, Lucas. Vamos transformar oportunidades em lucros.**

**Opção que Sugere Simplicidade/Acessibilidade:**

* **Lucas Lima: Desmistificando a Bolsa. Comece a investir com inteligência, Lucas.**

**Opção Curta e Impactante:**

* **Lucas Lima: Invista em você, invista na Bolsa.**

**Escolha a que melhor se alinha com o tom e o objetivo específico da sua comunicação!**"
15,Bruno Rodrigues,Fundos Imobiliários (FIIs),Para Bruno Rodrigues: **Invista em renda com Bruno Rodrigues e explore o potencial dos Fundos Imobiliários para o seu patrimônio!**
16,Igor Costa,Day Trade,"Aqui estão algumas opções de frases curtas de venda para Igor Costa sobre Day Trade, com enfoques diferentes:

**Opção Direta e Focada em Lucro:**

*   **""Igor, maximize seus lucros diários com Day Trade.""**

**Opção com Foco em Oportunidade:**

*   **""Day Trade: a chance de Igor transformar seu dia em lucro.""**

**Opção Curta e Impactante:**

*   **""Day Trade: a ação rápida que Igor precisa.""**

**Opção que Sugere Conhecimento/Estratégia:**

*   **""Descubra o potencial do Day Trade com Igor Costa.""**

**Opção que Apela para a Mobilidade:**

*   **""Day Trade: lucros no seu ritmo, Igor.""**

Escolha a que melhor se alinha com o tom e o objetivo da sua comunicação!"
17,Mariana Barbosa,Financiamento de Imóveis,"Claro! Aqui estão algumas opções curtas e impactantes, focando em diferentes aspectos do financiamento imobiliário para a Mariana Barbosa:

**Opção 1 (Foco em Conquista):**

> Mariana, realize o sonho da casa própria com o financiamento ideal.

**Opção 2 (Foco em Facilidade/Segurança):**

> Financiamento imobiliário descomplicado para você, Mariana.

**Opção 3 (Foco em Oportunidade):**

> Mariana, a oportunidade de investir no seu futuro. Financiamento imobiliário à vista.

**Opção 4 (Mais Direta):**

> Mariana, seu imóvel te espera. Fale conosco sobre financiamento.

**Opção 5 (Com um toque de Personalização):**

> Conquiste seu lar, Mariana. Te ajudo com o melhor financiamento.

Escolha a que melhor se alinha com o tom e o objetivo da sua comunicação com a Mariana!"
18,Gabriel Pereira,Previdência Privada,"Aqui estão algumas opções de frases curtas para Gabriel Pereira sobre Previdência Privada, com enfoques diferentes:

**Direta e focada no futuro:**

* **Gabriel Pereira: Seu futuro financeiro te agradece a Previdência Privada hoje.**

**Com foco na segurança/tranquilidade:**

* **Gabriel Pereira: Tranquilidade para sua aposentadoria com a Previdência Privada.**

**Enfatizando o planejamento:**

* **Gabriel Pereira: Planeje seu amanhã. Invista em Previdência Privada.**

**Mais pessoal e empoderadora:**

* **Gabriel Pereira: Garanta o futuro que você merece com Previdência Privada.**

**Curta e impactante:**

* **Gabriel Pereira: Previdência Privada: Seu futuro, sua escolha.**

Escolha a que melhor se alinha com o tom e a mensagem que você quer transmitir!"
19,Tatiana Souza,Cartão de Crédito Black,"Aqui estão algumas opções de slogans para Tatiana Souza sobre Cartão de Crédito Black, focados em benefícios e com até 12 palavras:

*   **Tatiana Souza Black: Seu estilo de vida recompensado, sem limites.**
*   **Black Tatiana Souza: Exclusividade e benefícios que você merece.**
*   **Cartão Black Tatiana Souza: Experiências premium, poder de compra.**
*   **Tatiana Souza Black: Desfrute do melhor, com benefícios exclusivos.**"
20,Bruno Araujo,Financiamento de Imóveis,"Bruno Araujo: Seu sonho imobiliário, financiado sem complicação."
